item_id,name,unit,required,coles_pack,coles_price_cents,coles_stock,woolworths_pack,woolworths_price_cents,woolworths_stock,aldi_pack,aldi_price_cents,aldi_stock,cold_chain
G01,Rice,g,1000,1000,240,5,1000,290,5,1000,270,5,false
G02,Pasta,g,750,500,120,5,500,150,5,1000,290,5,false
G03,Rolled oats,g,1000,1000,190,5,1000,220,5,1000,210,5,false
G04,Plain flour,g,1000,1000,170,5,1000,200,5,1000,190,5,false
G05,Red lentils,g,750,500,210,5,500,240,5,500,230,5,false
G06,Chickpeas drained,g,480,240,90,5,240,120,5,240,110,5,false
G07,Canned tomatoes,g,800,400,90,5,400,110,5,400,100,5,false
G08,Coconut milk,ml,400,400,160,5,400,180,5,400,170,5,false
G09,Cooking oil,ml,500,1000,520,5,500,270,5,750,380,5,false
G10,Bread,slice,20,20,290,5,20,250,5,20,270,5,false
G11,Plant drink,ml,1500,1000,210,5,1000,180,5,1000,200,5,false
G12,Plain tofu,g,600,300,270,5,300,230,5,450,360,5,true
G13,Potatoes,g,1500,2000,450,5,2000,410,5,2000,430,5,false
G14,Onions,g,600,1000,250,5,1000,210,5,1000,230,5,false
G15,Carrots,g,800,1000,210,5,1000,180,5,1000,200,5,false
G16,Broccoli,g,500,500,290,5,500,240,5,500,270,5,true
G17,Frozen peas,g,500,1000,340,5,1000,300,5,1000,320,5,true
G18,Spinach,g,200,250,270,5,250,230,5,250,250,5,true
G19,Capsicum,count,2,3,450,5,3,390,5,3,420,5,false
G20,Mushrooms,g,250,500,480,5,500,420,5,250,240,5,true
G21,Apples,g,1000,1500,450,5,1500,460,5,1500,400,5,false
G22,Bananas,g,1000,1000,370,5,1000,390,5,1000,330,5,false
G23,Oranges,g,1000,1500,450,5,1500,470,5,1500,410,5,false
G24,Lemons,count,2,3,210,5,3,230,5,3,180,5,false
G25,Tea,bag,30,100,390,5,100,410,5,100,340,5,false
G26,Coffee,g,100,200,690,5,200,720,5,200,640,5,false
G27,Sugar,g,500,1000,220,5,1000,230,5,1000,190,5,false
G28,Washing powder,g,1000,2000,1100,5,2000,1050,5,2000,1000,5,false
G29,Chocolate,g,200,180,260,5,180,270,5,200,490,5,false
G30,Dish liquid,ml,500,900,340,5,900,370,5,900,300,5,false
